{"files":[{"path":"site","title":"com_easysocial.ini","locale":"en-US"},{"path":"module","title":"mod_easysocial_menu.ini","locale":"en-US"},{"path":"module","title":"mod_easysocial_menu.sys.ini","locale":"en-US"},{"path":"admin","title":"com_easysocial.ini","locale":"en-US"},{"path":"menu","title":"com_easysocial.sys.ini","locale":"en-US"},{"path":"module","title":"mod_easysocial_users.ini","locale":"en-US"},{"path":"module","title":"mod_easysocial_users.sys.ini","locale":"en-US"},{"path":"module","title":"mod_easysocial_leaderboard.ini","locale":"en-US"},{"path":"module","title":"mod_easysocial_leaderboard.sys.ini","locale":"en-US"},{"path":"module","title":"mod_easysocial_login.ini","locale":"en-US"},{"path":"module","title":"mod_easysocial_login.sys.ini","locale":"en-US"},{"path":"plugin","title":"plg_user_easysocial.ini","locale":"en-US"},{"path":"fields","title":"plg_fields_user_birthday.ini","locale":"en-US"},{"path":"fields","title":"plg_fields_user_boolean.ini","locale":"en-US"},{"path":"fields","title":"plg_fields_user_checkbox.ini","locale":"en-US"},{"path":"fields","title":"plg_fields_user_country.ini","locale":"en-US"},{"path":"module","title":"mod_easysocial_albums.ini","locale":"en-US"},{"path":"module","title":"mod_easysocial_albums.sys.ini","locale":"en-US"},{"path":"module","title":"mod_easysocial_easyblog_posts.ini","locale":"en-US"},{"path":"module","title":"mod_easysocial_easyblog_posts.sys.ini","locale":"en-US"},{"path":"module","title":"mod_easysocial_logbox.ini","locale":"en-US"},{"path":"module","title":"mod_easysocial_logbox.sys.ini","locale":"en-US"},{"path":"module","title":"mod_easysocial_oauth.ini","locale":"en-US"},{"path":"module","title":"mod_easysocial_oauth.sys.ini","locale":"en-US"},{"path":"fields","title":"plg_fields_user_address.ini","locale":"en-US"},{"path":"fields","title":"plg_fields_user_avatar.ini","locale":"en-US"},{"path":"module","title":"mod_easysocial_stream.ini","locale":"en-US"},{"path":"apps","title":"plg_app_user_adsense.ini","locale":"en-US"},{"path":"module","title":"mod_easysocial_stream.sys.ini","locale":"en-US"},{"path":"apps","title":"plg_app_user_albums.ini","locale":"en-US"},{"path":"apps","title":"plg_app_user_apps.ini","locale":"en-US"},{"path":"apps","title":"plg_app_user_badges.ini","locale":"en-US"},{"path":"apps","title":"plg_app_user_birthday.ini","locale":"en-US"},{"path":"apps","title":"plg_app_user_blog.ini","locale":"en-US"},{"path":"apps","title":"plg_app_user_calendar.ini","locale":"en-US"},{"path":"apps","title":"plg_app_user_comments.ini","locale":"en-US"},{"path":"apps","title":"plg_app_user_discuss.ini","locale":"en-US"},{"path":"apps","title":"plg_app_user_facebook.ini","locale":"en-US"},{"path":"apps","title":"plg_app_user_feeds.ini","locale":"en-US"},{"path":"apps","title":"plg_app_user_followers.ini","locale":"en-US"},{"path":"apps","title":"plg_app_user_friends.ini","locale":"en-US"},{"path":"apps","title":"plg_app_user_links.ini","locale":"en-US"},{"path":"apps","title":"plg_app_user_locations.ini","locale":"en-US"},{"path":"apps","title":"plg_app_user_notes.ini","locale":"en-US"},{"path":"apps","title":"plg_app_user_photos.ini","locale":"en-US"},{"path":"apps","title":"plg_app_user_profiles.ini","locale":"en-US"},{"path":"apps","title":"plg_app_user_shares.ini","locale":"en-US"},{"path":"apps","title":"plg_app_user_story.ini","locale":"en-US"},{"path":"apps","title":"plg_app_user_tasks.ini","locale":"en-US"},{"path":"fields","title":"plg_fields_user_cover.ini","locale":"en-US"},{"path":"fields","title":"plg_fields_user_currency.ini","locale":"en-US"},{"path":"fields","title":"plg_fields_user_datetime.ini","locale":"en-US"},{"path":"fields","title":"plg_fields_user_discuss_signature.ini","locale":"en-US"},{"path":"fields","title":"plg_fields_user_dropdown.ini","locale":"en-US"},{"path":"fields","title":"plg_fields_user_easyblog_adsense.ini","locale":"en-US"},{"path":"fields","title":"plg_fields_user_easyblog_desc.ini","locale":"en-US"},{"path":"fields","title":"plg_fields_user_easyblog_permalink.ini","locale":"en-US"},{"path":"fields","title":"plg_fields_user_email.ini","locale":"en-US"},{"path":"fields","title":"plg_fields_user_file.ini","locale":"en-US"},{"path":"fields","title":"plg_fields_user_gender.ini","locale":"en-US"},{"path":"fields","title":"plg_fields_user_header.ini","locale":"en-US"},{"path":"fields","title":"plg_fields_user_joomla_email.ini","locale":"en-US"},{"path":"fields","title":"plg_fields_user_joomla_fullname.ini","locale":"en-US"},{"path":"fields","title":"plg_fields_user_joomla_password.ini","locale":"en-US"},{"path":"fields","title":"plg_fields_user_joomla_timezone.ini","locale":"en-US"},{"path":"fields","title":"plg_fields_user_joomla_user_editor.ini","locale":"en-US"},{"path":"fields","title":"plg_fields_user_joomla_username.ini","locale":"en-US"},{"path":"fields","title":"plg_fields_user_mollom.ini","locale":"en-US"},{"path":"fields","title":"plg_fields_user_multilist.ini","locale":"en-US"},{"path":"fields","title":"plg_fields_user_permalink.ini","locale":"en-US"},{"path":"fields","title":"plg_fields_user_recaptcha.ini","locale":"en-US"},{"path":"fields","title":"plg_fields_user_relationship.ini","locale":"en-US"},{"path":"fields","title":"plg_fields_user_separator.ini","locale":"en-US"},{"path":"fields","title":"plg_fields_user_terms.ini","locale":"en-US"},{"path":"fields","title":"plg_fields_user_textarea.ini","locale":"en-US"},{"path":"fields","title":"plg_fields_user_textbox.ini","locale":"en-US"},{"path":"fields","title":"plg_fields_user_url.ini","locale":"en-US"}]}